<?xml version="1.0" encoding="UTF-8"?>
<!DOCTYPE mapper PUBLIC "-//mybatis.org//DTD Mapper 3.0//EN" "http://mybatis.org/dtd/mybatis-3-mapper.dtd">
<mapper namespace="com.wbzluntan.usermanager.dao.UserinfoMapper">
  <resultMap id="BaseResultMap" type="com.wbzluntan.usermanager.entity.Userinfo">
    <id column="userid" jdbcType="INTEGER" property="userid" />
    <result column="username" jdbcType="VARCHAR" property="username" />
    <result column="email" jdbcType="VARCHAR" property="email" />
    <result column="userpwd" jdbcType="VARCHAR" property="userpwd" />
  </resultMap>
  <sql id="Example_Where_Clause">
    <where>
      <foreach collection="oredCriteria" item="criteria" separator="or">
        <if test="criteria.valid">
          <trim prefix="(" prefixOverrides="and" suffix=")">
            <foreach collection="criteria.criteria" item="criterion">
              <choose>
                <when test="criterion.noValue">
                  and ${criterion.condition}
                </when>
                <when test="criterion.singleValue">
                  and ${criterion.condition} #{criterion.value}
                </when>
                <when test="criterion.betweenValue">
                  and ${criterion.condition} #{criterion.value} and #{criterion.secondValue}
                </when>
                <when test="criterion.listValue">
                  and ${criterion.condition}
                  <foreach close=")" collection="criterion.value" item="listItem" open="(" separator=",">
                    #{listItem}
                  </foreach>
                </when>
              </choose>
            </foreach>
          </trim>
        </if>
      </foreach>
    </where>
  </sql>
  <sql id="Update_By_Example_Where_Clause">
    <where>
      <foreach collection="example.oredCriteria" item="criteria" separator="or">
        <if test="criteria.valid">
          <trim prefix="(" prefixOverrides="and" suffix=")">
            <foreach collection="criteria.criteria" item="criterion">
              <choose>
                <when test="criterion.noValue">
                  and ${criterion.condition}
                </when>
                <when test="criterion.singleValue">
                  and ${criterion.condition} #{criterion.value}
                </when>
                <when test="criterion.betweenValue">
                  and ${criterion.condition} #{criterion.value} and #{criterion.secondValue}
                </when>
                <when test="criterion.listValue">
                  and ${criterion.condition}
                  <foreach close=")" collection="criterion.value" item="listItem" open="(" separator=",">
                    #{listItem}
                  </foreach>
                </when>
              </choose>
            </foreach>
          </trim>
        </if>
      </foreach>
    </where>
  </sql>
  <sql id="Base_Column_List">
    userid, username, email, userpwd
  </sql>
  <select id="selectByExample" parameterType="com.wbzluntan.usermanager.entity.UserinfoExample" resultMap="BaseResultMap">
    select
    <if test="distinct">
      distinct
    </if>
    <include refid="Base_Column_List" />
    from userinfo
    <if test="_parameter != null">
      <include refid="Example_Where_Clause" />
    </if>
    <if test="orderByClause != null">
      order by ${orderByClause}
    </if>
  </select>
  <select id="selectByPrimaryKey" parameterType="java.lang.Integer" resultMap="BaseResultMap">
    select 
    <include refid="Base_Column_List" />
    from userinfo
    where userid = #{userid,jdbcType=INTEGER}
  </select>
  <delete id="deleteByPrimaryKey" parameterType="java.lang.Integer">
    delete from userinfo
    where userid = #{userid,jdbcType=INTEGER}
  </delete>
  <delete id="deleteByExample" parameterType="com.wbzluntan.usermanager.entity.UserinfoExample">
    delete from userinfo
    <if test="_parameter != null">
      <include refid="Example_Where_Clause" />
    </if>
  </delete>
  <insert id="insert" parameterType="com.wbzluntan.usermanager.entity.Userinfo">
    insert into userinfo (userid, username, email, 
      userpwd)
    values (#{userid,jdbcType=INTEGER}, #{username,jdbcType=VARCHAR}, #{email,jdbcType=VARCHAR}, 
      #{userpwd,jdbcType=VARCHAR})
  </insert>
  <insert id="insertSelective" parameterType="com.wbzluntan.usermanager.entity.Userinfo">
    insert into userinfo
    <trim prefix="(" suffix=")" suffixOverrides=",">
      <if test="userid != null">
        userid,
      </if>
      <if test="username != null">
        username,
      </if>
      <if test="email != null">
        email,
      </if>
      <if test="userpwd != null">
        userpwd,
      </if>
    </trim>
    <trim prefix="values (" suffix=")" suffixOverrides=",">
      <if test="userid != null">
        #{userid,jdbcType=INTEGER},
      </if>
      <if test="username != null">
        #{username,jdbcType=VARCHAR},
      </if>
      <if test="email != null">
        #{email,jdbcType=VARCHAR},
      </if>
      <if test="userpwd != null">
        #{userpwd,jdbcType=VARCHAR},
      </if>
    </trim>
  </insert>
  <select id="countByExample" parameterType="com.wbzluntan.usermanager.entity.UserinfoExample" resultType="java.lang.Long">
    select count(*) from userinfo
    <if test="_parameter != null">
      <include refid="Example_Where_Clause" />
    </if>
  </select>
  <update id="updateByExampleSelective" parameterType="map">
    update userinfo
    <set>
      <if test="record.userid != null">
        userid = #{record.userid,jdbcType=INTEGER},
      </if>
      <if test="record.username != null">
        username = #{record.username,jdbcType=VARCHAR},
      </if>
      <if test="record.email != null">
        email = #{record.email,jdbcType=VARCHAR},
      </if>
      <if test="record.userpwd != null">
        userpwd = #{record.userpwd,jdbcType=VARCHAR},
      </if>
    </set>
    <if test="_parameter != null">
      <include refid="Update_By_Example_Where_Clause" />
    </if>
  </update>
  <update id="updateByExample" parameterType="map">
    update userinfo
    set userid = #{record.userid,jdbcType=INTEGER},
      username = #{record.username,jdbcType=VARCHAR},
      email = #{record.email,jdbcType=VARCHAR},
      userpwd = #{record.userpwd,jdbcType=VARCHAR}
    <if test="_parameter != null">
      <include refid="Update_By_Example_Where_Clause" />
    </if>
  </update>
  <update id="updateByPrimaryKeySelective" parameterType="com.wbzluntan.usermanager.entity.Userinfo">
    update userinfo
    <set>
      <if test="username != null">
        username = #{username,jdbcType=VARCHAR},
      </if>
      <if test="email != null">
        email = #{email,jdbcType=VARCHAR},
      </if>
      <if test="userpwd != null">
        userpwd = #{userpwd,jdbcType=VARCHAR},
      </if>
    </set>
    where userid = #{userid,jdbcType=INTEGER}
  </update>
  <update id="updateByPrimaryKey" parameterType="com.wbzluntan.usermanager.entity.Userinfo">
    update userinfo
    set username = #{username,jdbcType=VARCHAR},
      email = #{email,jdbcType=VARCHAR},
      userpwd = #{userpwd,jdbcType=VARCHAR}
    where userid = #{userid,jdbcType=INTEGER}
  </update>
</mapper>