﻿<?xml version="1.0" encoding="UTF-8"?>
<beans xmlns="http://www.springframework.org/schema/beans"
	xmlns:xsi="http://www.w3.org/2001/XMLSchema-instance" xmlns:p="http://www.springframework.org/schema/p"
	xmlns:aop="http://www.springframework.org/schema/aop" xmlns:context="http://www.springframework.org/schema/context"
	xmlns:mvc="http://www.springframework.org/schema/mvc"
	xsi:schemaLocation="http://www.springframework.org/schema/beans
        http://www.springframework.org/schema/beans/spring-beans.xsd
        http://www.springframework.org/schema/context
        http://www.springframework.org/schema/context/spring-context-4.2.xsd
        http://www.springframework.org/schema/aop
        http://www.springframework.org/schema/aop/spring-aop-4.2.xsd
        http://www.springframework.org/schema/mvc http://www.springframework.org/schema/mvc/spring-mvc-4.2.xsd">
	<!-- 0. SpringMVC 基本配置 -->
	<!-- 0.1 注解说明(定义类型转换器组件) -->
	<mvc:annotation-driven >
		<!-- 设置不拦截任何带后缀的URL, 如 hello.html -->
		<mvc:path-matching suffix-pattern="false" />
	</mvc:annotation-driven>
	<!-- 0.2 避免静态资源被拦截, 如.js, .css, 图片等 -->
	<mvc:default-servlet-handler />

	<!-- 0.3 设置自动扫描路径 -->
	<context:component-scan base-package="com.wbzluntan">
		<!-- 只扫描org.springframework.stereotype.Controller注解的类 -->
		<context:include-filter type="annotation"
			expression="org.springframework.stereotype.Controller" />
	</context:component-scan>

	<!-- 1. 视图解析器 -->
	<bean id="viewResolver"
		class="org.springframework.web.servlet.view.InternalResourceViewResolver">
		<property name="prefix" value="/WEB-INF/views/" />
		<property name="suffix" value=".jsp" />
	</bean>

	<!-- 2. 配置自定义类型转换器 -->
	<!-- 配置自定义类型转换器 -->
	<!-- <bean id="conversionService"
		class="org.springframework.format.support.FormattingConversionServiceFactoryBean">
		<property name="converters">
			<set>
				<ref bean="dateConverter" />
				<ref bean="timestampConverter" />
			</set>
		</property>
	</bean> -->
</beans>